SampleID,Env
ERR4281055,12M(C)
ERR4281016,3Y(C)
ERR4281054,4M(C)
ERR4281017,5Y(C)
ERR4281061,B(C)
ERR4281018,M(C)
ERR4281060,M(C)
ERR4281019,4M(C)
ERR4281062,M(C)
ERR4281020,12M(C)
ERR4281063,3Y(C)
ERR4281021,4M(C)
ERR4281064,5Y(C)
ERR4281022,B(C)
ERR4281065,M(C)
ERR4281023,12M(C)
ERR4281066,3Y(C)
ERR4281024,4M(C)
ERR4281067,5Y(C)
ERR4281025,B(C)
ERR4281068,M(C)
ERR4281026,12M(C)
ERR4281069,4M(C)
ERR4281027,5Y(C)
ERR4281070,B(C)
ERR4281028,M(C)
ERR4281071,12M(C)
ERR4281029,3Y(C)
ERR4281072,4M(C)
ERR4281030,5Y(C)
ERR4281073,B(C)
ERR4281031,M(C)
ERR4281074,12M(C)
ERR4281032,4M(C)
ERR4281075,B(C)
ERR4281033,M(C)
ERR4281076,12M(C)
ERR4281034,3Y(C)
ERR4281077,4M(C)
ERR4281035,5Y(C)
ERR4281078,B(C)
ERR4281036,M(C)
ERR4281079,12M(V)
ERR4281037,12M(C)
ERR4281080,4M(C)
ERR4281038,B(C)
ERR4281081,M(C)
ERR4281039,12M(C)
ERR4281082,3Y(C)
ERR4281040,4M(C)
ERR4281083,5Y(C)
ERR4281041,B(C)
ERR4281084,M(C)
ERR4281042,12M(C)
ERR4281085,3Y(C)
ERR4281043,5Y(C)
ERR4281086,12M(V)
ERR4281044,3Y(V)
ERR4281087,12M(C)
ERR4281045,3Y(C)
ERR4281088,4M(C)
ERR4281046,5Y(C)
ERR4281089,B(C)
ERR4281047,4M(V)
ERR4281090,M(C)
ERR4281048,12M(C)
ERR4281091,3Y(C)
ERR4281049,4M(C)
ERR4281092,5Y(C)
ERR4281050,B(C)
ERR4281093,M(C)
ERR4281051,5Y(V)
ERR4281094,12M(C)
ERR4281052,3Y(C)
ERR4281095,4M(C)
ERR4281053,5Y(C)
ERR4281056,B(C)
ERR4281096,M(C)
ERR4281057,M(V)
ERR4281097,12M(C)
ERR4281058,3Y(C)
ERR4281059,4M(C)
ERR4281098,B(C)
ERR4281099,M(C)
ERR4281100,12M(C)
ERR4281101,12M(C)
ERR4281102,3Y(C)
ERR4281103,4M(C)
ERR4281104,5Y(C)
ERR4281105,B(C)
ERR4281106,M(C)
ERR4281107,3Y(C)
ERR4281108,4M(C)
ERR4281109,3Y(C)
ERR4281110,4M(C)
ERR4281111,B(C)
ERR4281112,M(C)
ERR4281113,3Y(V)
ERR4281114,12M(V)
ERR4281115,12M(C)
ERR4281116,3Y(C)
ERR4281117,4M(C)
ERR4281118,5Y(C)
ERR4281119,M(C)
ERR4281120,12M(C)
ERR4281121,3Y(C)
ERR4281122,4M(C)
ERR4281123,5Y(C)
ERR4281124,B(C)
ERR4281125,M(C)
ERR4281126,3Y(V)
ERR4281127,4M(V)
ERR4281128,12M(C)
ERR4281129,3Y(C)
ERR4281130,4M(C)
ERR4281131,5Y(C)
ERR4281132,B(C)
ERR4281133,M(C)
ERR4281134,5Y(V)
ERR4281135,4M(C)
ERR4281136,4M(V)
ERR4281137,12M(C)
ERR4281138,4M(C)
ERR4281139,5Y(C)
ERR4281140,B(C)
ERR4281141,M(C)
ERR4281142,12M(C)
ERR4281143,12M(V)
ERR4281144,3Y(C)
ERR4281145,4M(C)
ERR4281146,B(C)
ERR4281147,M(C)
ERR4281148,3Y(V)
ERR4281149,12M(C)
ERR4281150,3Y(C)
ERR4281151,4M(C)
ERR4281152,5Y(C)
ERR4281153,4M(V)
ERR4281154,M(C)
ERR4281155,5Y(V)
ERR4281156,12M(C)
ERR4281157,3Y(C)
ERR4281158,4M(C)
ERR4281159,5Y(C)
ERR4281160,12M(C)
ERR4281161,4M(C)
ERR4281162,B(C)
ERR4281163,M(C)
ERR4281164,B(V)
ERR4281165,M(V)
ERR4281166,5Y(V)
ERR4281167,12M(C)
ERR4281168,4M(C)
ERR4281169,B(C)
ERR4281170,12M(C)
ERR4281171,3Y(C)
ERR4281172,5Y(C)
ERR4281173,M(C)
ERR4281174,12M(C)
ERR4281175,3Y(C)
ERR4281176,4M(C)
ERR4281177,5Y(C)
ERR4281178,12M(C)
ERR4281179,3Y(C)
ERR4281180,4M(C)
ERR4281181,5Y(C)
ERR4281182,M(C)
ERR4281183,12M(C)
ERR4281184,3Y(C)
ERR4281185,5Y(C)
ERR4281186,12M(C)
ERR4281187,3Y(C)
ERR4281188,4M(C)
ERR4281189,5Y(C)
ERR4281190,B(C)
ERR4281191,M(C)
ERR4281192,B(C)
ERR4281193,12M(C)
ERR4281194,4M(C)
ERR4281195,B(C)
ERR4281196,12M(C)
ERR4281197,B(C)
ERR4281198,12M(C)
ERR4281199,3Y(C)
ERR4281200,4M(C)
ERR4281201,B(C)
ERR4281202,M(C)
ERR4281203,12M(C)
ERR4281204,3Y(C)
ERR4281205,4M(C)
ERR4281206,5Y(C)
ERR4281207,B(C)
ERR4281208,M(C)
ERR4281209,12M(C)
ERR4281210,3Y(C)
ERR4281211,4M(C)
ERR4281212,5Y(C)
ERR4281213,B(C)
ERR4281214,12M(C)
ERR4281215,12M(V)
ERR4281216,4M(C)
ERR4281217,B(C)
ERR4281218,M(C)
ERR4281219,4M(C)
ERR4281220,B(C)
ERR4281221,12M(C)
ERR4281222,3Y(C)
ERR4281223,4M(C)
ERR4281224,B(C)
ERR4281225,M(C)
ERR4281226,4M(V)
ERR4281227,12M(C)
ERR4281228,3Y(C)
ERR4281229,4M(C)
ERR4281230,M(C)
ERR4281231,12M(C)
ERR4281232,3Y(C)
ERR4281233,4M(C)
ERR4281234,5Y(C)
ERR4281235,B(C)
ERR4281236,M(C)
ERR4281237,12M(C)
ERR4281238,3Y(C)
ERR4281239,4M(C)
ERR4281240,5Y(C)
ERR4281241,B(C)
ERR4281242,M(C)
ERR4281243,M(V)
ERR4281244,12M(C)
ERR4281245,3Y(C)
ERR4281246,4M(C)
ERR4281247,5Y(C)
ERR4281248,M(C)
ERR4281249,4M(C)
ERR4281250,B(V)
ERR4281251,M(V)
ERR4281252,12M(C)
ERR4281253,3Y(C)
ERR4281254,4M(C)
ERR4281255,B(C)
ERR4281256,M(C)
ERR4281257,12M(C)
ERR4281258,3Y(C)
ERR4281259,4M(C)
ERR4281260,5Y(C)
ERR4281261,B(C)
ERR4281262,M(C)
ERR4281263,12M(C)
ERR4281264,3Y(C)
ERR4281265,4M(C)
ERR4281266,5Y(C)
ERR4281267,B(C)
ERR4281268,12M(C)
ERR4281269,4M(C)
ERR4281270,B(C)
ERR4281271,M(C)
ERR4281272,12M(C)
ERR4281273,3Y(C)
ERR4281274,4M(C)
ERR4281275,5Y(C)
ERR4281276,B(C)
ERR4281277,M(C)
ERR4281278,4M(C)
ERR4281279,12M(C)
ERR4281280,12M(V)
ERR4281281,3Y(C)
ERR4281282,5Y(C)
ERR4281283,12M(C)
ERR4281284,3Y(C)
ERR4281285,4M(C)
ERR4281286,5Y(C)
ERR4281287,B(C)
ERR4281288,M(C)
ERR4281289,4M(V)
ERR4281290,12M(C)
ERR4281291,3Y(C)
ERR4281292,4M(C)
ERR4281293,B(C)
ERR4281294,M(C)
ERR4281295,12M(C)
ERR4281296,4M(C)
ERR4281297,B(C)
ERR4281298,M(C)
ERR4281299,12M(C)
ERR4281300,3Y(C)
ERR4281301,4M(C)
ERR4281302,5Y(C)
ERR4281303,B(C)
ERR4281304,M(C)
ERR4281305,12M(C)
ERR4281306,3Y(C)
ERR4281307,4M(C)
ERR4281308,5Y(C)
ERR4281309,B(C)
ERR4281310,M(C)
ERR4281311,12M(C)
ERR4281312,3Y(C)
ERR4281313,4M(C)
ERR4281314,5Y(C)
ERR4281315,B(C)
ERR4281316,M(C)
ERR4281317,B(V)
ERR4281318,M(V)
ERR4281319,12M(C)
ERR4281320,3Y(C)
ERR4281321,4M(C)
ERR4281322,5Y(C)
ERR4281323,B(C)
ERR4281324,M(C)
ERR4281325,12M(C)
ERR4281326,12M(V)
ERR4281327,3Y(C)
ERR4281328,4M(C)
ERR4281329,5Y(C)
ERR4281330,B(C)
ERR4281331,M(C)
ERR4281332,3Y(V)
ERR4281333,4M(V)
ERR4281334,12M(C)
ERR4281335,12M(C)
ERR4281336,3Y(C)
ERR4281337,4M(C)
ERR4281338,5Y(C)
ERR4281339,M(C)
ERR4281340,12M(C)
ERR4281341,3Y(C)
ERR4281342,4M(C)
ERR4281343,5Y(C)
ERR4281344,B(C)
ERR4281345,M(C)
ERR4281346,M(C)
ERR4281347,12M(V)
ERR4281348,M(V)
ERR4281349,12M(C)
ERR4281350,3Y(C)
ERR4281351,4M(C)
ERR4281352,B(C)
ERR4281353,M(C)
ERR4281354,12M(C)
ERR4281355,12M(V)
ERR4281356,3Y(C)
ERR4281357,4M(C)
ERR4281358,5Y(C)
ERR4281359,B(C)
ERR4281360,M(C)
ERR4281361,12M(C)
ERR4281362,3Y(C)
ERR4281363,4M(C)
ERR4281364,5Y(C)
ERR4281365,B(C)
ERR4281366,M(C)
ERR4281367,12M(C)
ERR4281368,3Y(C)
ERR4281369,4M(C)
ERR4281370,5Y(C)
ERR4281371,B(C)
ERR4281372,M(C)
ERR4281373,3Y(V)
ERR4281374,12M(C)
ERR4281375,3Y(C)
ERR4281376,4M(C)
ERR4281377,5Y(C)
ERR4281378,B(C)
ERR4281379,4M(V)
ERR4281380,M(C)
ERR4281381,5Y(V)
ERR4281382,4M(C)
ERR4281383,3Y(C)
ERR4281384,4M(C)
ERR4281385,B(C)
ERR4281386,M(C)
ERR4281387,12M(C)
ERR4281388,3Y(C)
ERR4281389,4M(C)
ERR4281390,5Y(C)
ERR4281391,B(C)
ERR4281392,M(C)
ERR4281393,M(V)
ERR4281394,12M(C)
ERR4281395,12M(V)
ERR4281396,3Y(C)
ERR4281397,4M(C)
ERR4281398,5Y(C)
ERR4281399,B(C)
ERR4281400,3Y(V)
ERR4281401,4M(V)
ERR4281402,12M(C)
ERR4281403,3Y(C)
ERR4281404,4M(C)
ERR4281405,5Y(C)
ERR4281406,B(C)
ERR4281407,M(C)
ERR4281408,5Y(V)
ERR4281409,12M(C)
ERR4281410,3Y(C)
ERR4281411,4M(C)
ERR4281412,5Y(C)
ERR4281413,B(C)
ERR4281414,M(C)
ERR4281415,4M(C)
ERR4281416,12M(C)
ERR4281417,3Y(C)
ERR4281418,4M(C)
ERR4281419,5Y(C)
ERR4281420,B(C)
ERR4281421,M(C)
ERR4281422,M(V)
ERR4281423,12M(C)
ERR4281424,3Y(C)
ERR4281425,4M(C)
ERR4281426,5Y(C)
ERR4281427,B(C)
ERR4281428,M(C)
ERR4281429,12M(C)
ERR4281430,3Y(C)
ERR4281431,4M(C)
ERR4281432,5Y(C)
ERR4281433,B(C)
ERR4281434,M(C)
ERR4281435,12M(C)
ERR4281436,3Y(C)
ERR4281437,4M(C)
ERR4281438,5Y(C)
ERR4281439,12M(C)
ERR4281440,3Y(C)
ERR4281441,4M(C)
ERR4281442,B(C)
ERR4281443,M(C)
ERR4281444,12M(C)
ERR4281445,3Y(C)
ERR4281446,4M(C)
ERR4281447,5Y(C)
ERR4281448,B(C)
ERR4281449,M(C)
ERR4281450,12M(C)
ERR4281451,3Y(C)
ERR4281452,4M(C)
ERR4281453,5Y(C)
ERR4281454,B(C)
ERR4281455,M(C)
ERR4281456,12M(C)
ERR4281457,3Y(C)
ERR4281458,4M(C)
ERR4281459,5Y(C)
ERR4281460,B(C)
ERR4281461,M(C)
ERR4281462,12M(C)
ERR4281463,3Y(C)
ERR4281464,4M(C)
ERR4281465,5Y(C)
ERR4281466,B(C)
ERR4281467,M(C)
ERR4281468,12M(C)
ERR4281469,3Y(C)
ERR4281470,4M(C)
ERR4281471,5Y(C)
ERR4281472,B(C)
ERR4281473,M(C)
ERR4281474,12M(C)
ERR4281475,4M(C)
ERR4281476,5Y(C)
ERR4281477,3Y(C)
ERR4281478,4M(C)
ERR4281479,5Y(C)
ERR4281480,B(C)
ERR4281481,M(C)
ERR4281482,3Y(C)
ERR4281483,4M(C)
ERR4281484,5Y(C)
ERR4281485,B(C)
ERR4281486,M(C)
ERR4281487,12M(C)
ERR4281488,3Y(C)
ERR4281489,4M(C)
ERR4281490,B(C)
ERR4281491,M(C)
ERR4281492,3Y(C)
ERR4281493,4M(C)
ERR4281494,5Y(C)
ERR4281495,12M(C)
ERR4281496,3Y(C)
ERR4281497,4M(C)
ERR4281498,5Y(C)
ERR4281499,M(C)
ERR4281500,12M(C)
ERR4281501,4M(C)
ERR4281502,12M(C)
ERR4281503,3Y(C)
ERR4281504,4M(C)
ERR4281505,B(C)
ERR4281506,M(C)
ERR4281507,12M(C)
ERR4281508,3Y(C)
ERR4281509,4M(C)
ERR4281510,5Y(C)
ERR4281511,B(C)
ERR4281512,M(C)
ERR4281513,12M(C)
ERR4281514,3Y(C)
ERR4281515,4M(C)
ERR4281516,5Y(C)
ERR4281517,B(C)
ERR4281518,M(C)
ERR4281519,12M(C)
ERR4281520,4M(C)
ERR4281521,B(C)
ERR4281522,M(C)
ERR4281523,12M(V)
ERR4281524,3Y(C)
ERR4281525,4M(C)
ERR4281526,5Y(C)
ERR4281527,B(C)
ERR4281528,M(C)
ERR4281529,B(C)
ERR4281530,M(C)
ERR4281531,12M(C)
ERR4281532,3Y(C)
ERR4281533,4M(C)
ERR4281534,5Y(C)
ERR4281535,B(C)
ERR4281536,M(C)
ERR4281537,3Y(V)
ERR4281538,4M(V)
ERR4281539,12M(C)
ERR4281540,4M(C)
ERR4281541,B(C)
ERR4281542,5Y(V)
ERR4281543,12M(C)
ERR4281544,3Y(C)
ERR4281545,4M(C)
ERR4281546,5Y(C)
ERR4281547,B(C)
ERR4281548,M(C)
ERR4281549,12M(C)
ERR4281550,3Y(C)
ERR4281551,4M(C)
ERR4281552,5Y(C)
ERR4281553,B(C)
ERR4281554,M(C)
ERR4281555,12M(C)
ERR4281556,3Y(C)
ERR4281557,4M(C)
ERR4281558,B(C)
ERR4281559,M(C)
ERR4281560,M(V)
ERR4281561,12M(C)
ERR4281562,3Y(C)
ERR4281563,4M(C)
ERR4281564,5Y(C)
ERR4281565,B(C)
ERR4281566,M(C)
ERR4281567,4M(C)
ERR4281568,B(C)
ERR4281569,M(C)
ERR4281570,12M(C)
ERR4281571,3Y(C)
ERR4281572,4M(C)
ERR4281573,5Y(C)
ERR4281574,B(C)
ERR4281575,M(C)
ERR4281576,12M(C)
ERR4281577,3Y(C)
ERR4281578,4M(C)
ERR4281579,3Y(V)
ERR4281580,12M(C)
ERR4281581,4M(C)
ERR4281582,B(C)
ERR4281583,4M(V)
ERR4281584,M(C)
ERR4281585,12M(C)
ERR4281586,12M(C)
ERR4281587,3Y(C)
ERR4281588,4M(C)
ERR4281589,5Y(C)
ERR4281590,B(C)
ERR4281591,M(C)
ERR4281592,M(V)
ERR4281593,12M(C)
ERR4281594,12M(V)
ERR4281595,3Y(C)
ERR4281596,4M(C)
ERR4281597,5Y(C)
ERR4281598,B(C)
ERR4281599,M(C)
ERR4281600,12M(C)
ERR4281601,4M(C)
ERR4281602,B(C)
ERR4281603,M(C)
ERR4281604,3Y(V)
ERR4281605,12M(C)
ERR4281606,3Y(C)
ERR4281607,4M(C)
ERR4281608,5Y(C)
ERR4281609,B(C)
ERR4281610,4M(V)
ERR4281611,M(C)
ERR4281612,5Y(V)
ERR4281613,B(C)
ERR4281614,M(C)
ERR4281615,3Y(C)
ERR4281616,4M(C)
ERR4281617,5Y(C)
ERR4281618,B(C)
ERR4281619,M(C)
ERR4281620,M(C)
ERR4281621,M(V)
ERR4281622,3Y(C)
ERR4281623,4M(C)
ERR4281624,B(C)
ERR4281625,M(C)
ERR4281626,12M(V)
ERR4281627,3Y(C)
ERR4281628,4M(C)
ERR4281629,5Y(C)
ERR4281630,B(C)
ERR4281631,M(C)
ERR4281632,3Y(C)
ERR4281633,4M(C)
ERR4281634,5Y(C)
ERR4281635,B(C)
ERR4281636,M(C)
ERR4281637,3Y(C)
ERR4281638,4M(C)
ERR4281639,B(C)
ERR4281640,M(C)
ERR4281641,12M(C)
ERR4281642,B(C)
ERR4281643,M(C)
ERR4281644,3Y(C)
ERR4281645,4M(C)
ERR4281646,5Y(C)
ERR4281647,B(C)
ERR4281648,M(C)
ERR4281649,3Y(C)
ERR4281650,4M(C)
ERR4281651,5Y(C)
ERR4281652,B(C)
ERR4281653,M(C)
ERR4281654,12M(V)
ERR4281655,B(C)
ERR4281656,12M(C)
ERR4281657,3Y(C)
ERR4281658,4M(C)
ERR4281659,5Y(C)
ERR4281660,B(C)
ERR4281661,M(C)
ERR4281662,3Y(V)
ERR4281663,4M(V)
ERR4281664,5Y(V)
ERR4281665,12M(C)
ERR4281666,3Y(C)
ERR4281667,4M(C)
ERR4281668,B(C)
ERR4281669,M(C)
ERR4281670,M(V)
ERR4281671,12M(C)
ERR4281672,12M(V)
ERR4281673,B(C)
ERR4281674,M(C)
ERR4281675,12M(C)
ERR4281676,4M(C)
ERR4281677,3Y(V)
ERR4281678,4M(C)
ERR4281679,B(C)
ERR4281680,4M(V)
ERR4281681,M(C)
ERR4281682,12M(C)
ERR4281683,3Y(C)
ERR4281684,4M(C)
ERR4281685,5Y(C)
ERR4281686,B(C)
ERR4281687,M(C)
ERR4281688,3Y(C)
ERR4281689,5Y(C)
ERR4281690,B(C)
ERR4281691,M(C)
ERR4281692,12M(C)
ERR4281693,3Y(C)
ERR4281694,4M(C)
ERR4281695,5Y(C)
ERR4281696,B(C)
ERR4281697,M(C)
ERR4281698,12M(C)
ERR4281699,3Y(C)
ERR4281700,4M(C)
ERR4281701,B(C)
ERR4281702,M(C)
ERR4281703,M(V)
ERR4281704,3Y(V)
ERR4281705,3Y(C)
ERR4281706,4M(C)
ERR4281707,B(C)
ERR4281708,M(C)
ERR4281709,4M(V)
ERR4281710,5Y(V)
ERR4281711,12M(V)
ERR4281712,4M(V)
ERR4281713,B(V)
ERR4281714,M(V)
ERR4281715,12M(V)
ERR4281716,3Y(V)
ERR4281717,4M(V)
ERR4281718,5Y(V)
ERR4281719,B(V)
ERR4281720,M(V)
ERR4281721,B(V)
ERR4281722,M(V)
ERR4281723,12M(V)
ERR4281724,3Y(V)
ERR4281725,4M(V)
ERR4281726,M(V)
ERR4281727,12M(V)
ERR4281728,12M(V)
ERR4281729,3Y(V)
ERR4281730,4M(V)
ERR4281731,B(V)
ERR4281732,M(V)
ERR4281733,12M(V)
ERR4281734,4M(V)
ERR4281735,5Y(V)
ERR4281736,B(V)
ERR4281737,M(V)
ERR4281738,4M(V)
ERR4281739,12M(V)
ERR4281740,4M(V)
ERR4281741,5Y(V)
ERR4281742,B(V)
ERR4281743,M(V)
ERR4281744,12M(V)
ERR4281745,3Y(V)
ERR4281746,4M(V)
ERR4281747,5Y(V)
ERR4281748,B(V)
ERR4281749,M(V)
ERR4281750,12M(V)
ERR4281751,4M(V)
ERR4281752,M(V)
ERR4281753,M(V)
ERR4281754,3Y(V)
ERR4281755,12M(V)
ERR4281756,3Y(V)
ERR4281757,12M(V)
ERR4281758,3Y(V)
ERR4281759,4M(V)
ERR4281760,5Y(V)
ERR4281761,B(V)
ERR4281762,M(V)
ERR4281763,12M(V)
ERR4281764,3Y(V)
ERR4281765,4M(V)
ERR4281766,5Y(V)
ERR4281767,M(V)
ERR4281768,4M(V)
ERR4281769,12M(V)
ERR4281770,3Y(V)
ERR4281771,4M(V)
ERR4281772,5Y(V)
ERR4281773,B(V)
ERR4281774,M(V)
ERR4281775,12M(V)
ERR4281776,3Y(V)
ERR4281777,4M(V)
ERR4281778,5Y(V)
ERR4281779,M(V)
ERR4281780,12M(V)
ERR4281781,3Y(V)
ERR4281782,4M(V)
ERR4281783,M(V)
ERR4281784,4M(V)
ERR4281785,B(V)
ERR4281786,5Y(V)
ERR4281787,12M(V)
ERR4281788,3Y(V)
ERR4281789,4M(V)
ERR4281790,5Y(V)
ERR4281791,M(V)
ERR4281792,12M(V)
ERR4281793,12M(V)
ERR4281794,3Y(V)
ERR4281795,4M(V)
ERR4281796,M(V)
ERR4281797,12M(V)
ERR4281798,3Y(V)
ERR4281799,4M(V)
ERR4281800,5Y(V)
ERR4281801,B(V)
ERR4281802,M(V)
ERR4281803,3Y(V)
ERR4281804,4M(V)
ERR4281805,12M(V)
ERR4281806,3Y(V)
ERR4281807,4M(V)
ERR4281808,5Y(V)
ERR4281809,M(V)
ERR4281810,5Y(V)
ERR4281811,12M(V)
ERR4281812,3Y(V)
ERR4281813,4M(V)
ERR4281814,5Y(V)
ERR4281815,B(V)
ERR4281816,M(V)
ERR4281817,B(V)
ERR4281818,M(V)
ERR4281819,12M(V)
ERR4281820,12M(V)
ERR4281821,3Y(V)
ERR4281822,4M(V)
ERR4281823,5Y(V)
ERR4281824,M(V)
ERR4281825,12M(V)
ERR4281826,4M(V)
ERR4281827,B(V)
ERR4281828,M(V)
ERR4281829,3Y(V)
ERR4281830,4M(V)
ERR4281831,3Y(V)
ERR4281832,4M(V)
ERR4281833,5Y(V)
ERR4281834,M(V)
ERR4281835,5Y(V)
ERR4281836,12M(V)
ERR4281837,3Y(V)
ERR4281838,4M(V)
ERR4281839,5Y(V)
ERR4281840,B(V)
ERR4281841,M(V)
ERR4281842,B(V)
ERR4281843,M(V)
ERR4281844,12M(V)
ERR4281845,3Y(V)
ERR4281846,4M(V)
ERR4281847,5Y(V)
ERR4281848,B(V)
ERR4281849,M(V)
ERR4281850,12M(V)
ERR4281851,12M(V)
ERR4281852,3Y(V)
ERR4281853,4M(V)
ERR4281854,5Y(V)
ERR4281855,B(V)
ERR4281856,M(V)
ERR4281857,12M(V)
ERR4281858,4M(V)
ERR4281859,12M(V)
ERR4281860,3Y(V)
ERR4281861,4M(V)
ERR4281862,B(V)
ERR4281863,4M(V)
ERR4281864,M(V)
ERR4281865,12M(V)
ERR4281866,3Y(V)
ERR4281867,4M(V)
ERR4281868,M(V)
ERR4281869,B(V)
ERR4281870,M(V)
ERR4281871,12M(V)
ERR4281872,4M(V)
ERR4281873,5Y(V)
ERR4281874,M(V)
ERR4281875,12M(V)
ERR4281876,12M(V)
ERR4281877,3Y(V)
ERR4281878,4M(V)
ERR4281879,5Y(V)
ERR4281880,M(V)
ERR4281881,3Y(V)
ERR4281882,12M(V)
ERR4281883,3Y(V)
ERR4281884,4M(V)
ERR4281885,5Y(V)
ERR4281886,4M(V)
ERR4281887,M(V)
ERR4281888,12M(V)
ERR4281889,4M(V)
ERR4281890,B(V)
ERR4281891,M(V)
ERR4281892,5Y(V)
ERR4281893,4M(V)
ERR4281894,B(V)
ERR4281895,M(V)
ERR4281896,M(V)
ERR4281897,B(V)
ERR4281898,M(V)
ERR4281899,12M(V)
ERR4281900,3Y(V)
ERR4281901,4M(V)
ERR4281902,5Y(V)
ERR4281903,M(V)
ERR4281904,12M(V)
ERR4281905,4M(V)
ERR4281906,5Y(V)
ERR4281907,B(V)
ERR4281908,M(V)
ERR4281909,12M(V)
ERR4281910,4M(V)
ERR4281911,12M(V)
ERR4281912,3Y(V)
ERR4281913,4M(V)
ERR4281914,5Y(V)
ERR4281915,B(V)
ERR4281916,M(V)
ERR4281917,12M(C)
ERR4281918,3Y(C)
ERR4281919,4M(C)
ERR4281920,5Y(C)
ERR4281921,12M(V)
ERR4281922,B(V)
ERR4281923,M(V)
ERR4281924,12M(V)
ERR4281925,4M(V)
ERR4281926,M(V)
ERR4281927,12M(V)
ERR4281928,3Y(V)
ERR4281929,4M(V)
ERR4281930,5Y(V)
ERR4281931,M(V)
ERR4281932,12M(V)
ERR4281933,3Y(V)
ERR4281934,4M(V)
ERR4281935,5Y(V)
ERR4281936,12M(V)
ERR4281937,4M(V)
ERR4281938,M(V)
ERR4281939,12M(V)
ERR4281940,3Y(V)
ERR4281941,4M(V)
ERR4281942,M(V)
ERR4281943,12M(V)
ERR4281944,12M(V)
ERR4281945,3Y(V)
ERR4281946,4M(V)
ERR4281947,5Y(V)
ERR4281948,B(V)
ERR4281949,M(V)
ERR4281950,12M(V)
ERR4281951,3Y(V)
ERR4281952,4M(V)
ERR4281953,5Y(V)
ERR4281954,B(V)
ERR4281955,M(V)
ERR4281956,M(V)
ERR4281957,12M(V)
ERR4281958,12M(V)
ERR4281959,4M(V)
ERR4281960,5Y(V)
ERR4281961,12M(V)
ERR4281962,3Y(V)
ERR4281963,4M(V)
ERR4281964,5Y(V)
ERR4281965,3Y(V)
ERR4281966,3Y(V)
ERR4281967,4M(V)
ERR4281968,5Y(V)
ERR4281969,B(V)
ERR4281970,4M(V)
ERR4281971,M(V)
ERR4281972,5Y(V)
ERR4281973,12M(V)
ERR4281974,3Y(V)
ERR4281975,4M(V)
ERR4281976,5Y(V)
ERR4281977,M(V)
ERR4281978,4M(V)
ERR4281979,M(V)
ERR4281980,12M(V)
ERR4281981,4M(V)
ERR4281982,B(V)
ERR4281983,M(V)
ERR4281984,12M(V)
ERR4281985,3Y(V)
ERR4281986,4M(V)
ERR4281987,5Y(V)
ERR4281988,M(V)
ERR4281989,M(V)
ERR4281990,12M(V)
ERR4281991,3Y(V)
ERR4281992,4M(V)
ERR4281993,5Y(V)
ERR4281994,M(V)
ERR4281995,12M(V)
ERR4281996,12M(V)
ERR4281997,3Y(V)
ERR4281998,4M(V)
ERR4281999,5Y(V)
ERR4282000,B(V)
ERR4282001,M(V)
ERR4282002,12M(V)
ERR4282003,4M(V)
ERR4282004,B(V)
ERR4282005,M(V)
ERR4282006,12M(V)
ERR4282007,3Y(V)
ERR4282008,4M(V)
ERR4282009,5Y(V)
ERR4282010,3Y(V)
ERR4282011,12M(V)
ERR4282012,4M(V)
ERR4282013,B(V)
ERR4282014,4M(V)
ERR4282015,M(V)
ERR4282016,5Y(V)
ERR4282017,4M(V)
ERR4282018,12M(V)
ERR4282019,3Y(V)
ERR4282020,4M(V)
ERR4282021,5Y(V)
ERR4282022,M(V)
ERR4282023,12M(V)
ERR4282024,3Y(V)
ERR4282025,4M(V)
ERR4282026,5Y(V)
ERR4282027,M(V)
ERR4282028,M(V)
ERR4282029,12M(V)
ERR4282030,3Y(V)
ERR4282031,4M(V)
ERR4282032,5Y(V)
ERR4282033,B(V)
ERR4282034,12M(V)
ERR4282035,3Y(V)
ERR4282036,4M(V)
ERR4282037,5Y(V)
ERR4282038,B(V)
ERR4282039,M(V)
ERR4282040,12M(V)
ERR4282041,4M(V)
ERR4282042,B(V)
ERR4282043,M(V)
ERR4282044,12M(V)
ERR4282045,3Y(V)
ERR4282046,4M(V)
ERR4282047,M(V)
ERR4282048,12M(V)
ERR4282049,4M(V)
ERR4282050,B(V)
ERR4282051,M(V)
ERR4282052,12M(V)
ERR4282053,4M(V)
ERR4282054,5Y(V)
ERR4282055,12M(V)
ERR4282056,4M(V)
ERR4282057,M(V)
ERR4282058,12M(V)
ERR4282059,3Y(V)
ERR4282060,4M(V)
ERR4282061,5Y(V)
ERR4282062,M(V)
ERR4282063,12M(V)
ERR4282064,3Y(V)
ERR4282065,4M(V)
ERR4282066,5Y(V)
ERR4282067,12M(C)
ERR4282068,3Y(V)
ERR4282069,4M(V)
ERR4282070,5Y(V)
ERR4282071,B(V)
ERR4282072,M(V)
ERR4282073,12M(V)
ERR4282074,3Y(V)
ERR4282075,4M(V)
ERR4282076,5Y(V)
ERR4282077,B(V)
ERR4282078,M(V)
ERR4282079,3Y(C)
ERR4282080,4M(C)
ERR4282081,12M(V)
ERR4282082,3Y(V)
ERR4282083,4M(V)
ERR4282084,5Y(V)
ERR4282085,B(V)
ERR4282086,M(V)
ERR4282087,5Y(C)
ERR4282088,12M(V)
ERR4282089,3Y(V)
ERR4282090,4M(V)
ERR4282091,5Y(V)
ERR4282092,M(V)
ERR4282093,12M(V)
ERR4282094,4M(V)
ERR4282095,B(V)
ERR4282096,M(V)
ERR4282097,B(C)
ERR4282098,M(C)
ERR4282099,12M(V)
ERR4282100,3Y(V)
ERR4282101,4M(V)
ERR4282102,5Y(V)
ERR4282103,B(V)
ERR4282104,M(V)
ERR4282105,12M(V)
ERR4282106,3Y(V)
ERR4282107,4M(V)
ERR4282108,5Y(V)
ERR4282109,M(V)
ERR4282110,12M(V)
ERR4282111,3Y(V)
ERR4282112,4M(V)
ERR4282113,5Y(V)
ERR4282114,B(V)
ERR4282115,M(V)
ERR4282116,12M(V)
ERR4282117,3Y(V)
ERR4282118,4M(V)
ERR4282119,5Y(V)
ERR4282120,B(V)
ERR4282121,M(V)
ERR4282122,12M(V)
ERR4282123,3Y(V)
ERR4282124,4M(V)
ERR4282125,5Y(V)
ERR4282126,B(V)
ERR4282127,12M(V)
ERR4282128,B(V)
ERR4282129,12M(V)
ERR4282130,3Y(V)
ERR4282131,4M(V)
ERR4282132,M(V)
ERR4282133,12M(V)
ERR4282134,12M(V)
ERR4282135,3Y(V)
ERR4282136,4M(V)
ERR4282137,B(V)
ERR4282138,M(V)
ERR4282139,12M(V)
ERR4282140,3Y(V)
ERR4282141,4M(V)
ERR4282142,B(V)
ERR4282143,M(V)
ERR4282144,12M(V)
ERR4282145,3Y(V)
ERR4282146,4M(V)
ERR4282147,5Y(V)
ERR4282148,3Y(V)
ERR4282149,4M(V)
ERR4282150,12M(V)
ERR4282151,3Y(V)
ERR4282152,5Y(V)
ERR4282153,B(V)
ERR4282154,M(V)
ERR4282155,5Y(V)
ERR4282156,12M(V)
ERR4282157,3Y(V)
ERR4282158,4M(V)
ERR4282159,5Y(V)
ERR4282160,M(V)
ERR4282161,M(V)
ERR4282162,12M(V)
ERR4282163,3Y(V)
ERR4282164,4M(V)
ERR4282165,5Y(V)
ERR4282166,M(V)
ERR4282167,12M(V)
ERR4282168,4M(V)
ERR4282169,5Y(V)
ERR4282170,B(V)
ERR4282171,M(V)
ERR4282172,12M(V)
ERR4282173,4M(V)
ERR4282174,5Y(V)
ERR4282175,B(V)
ERR4282176,M(V)
ERR4282177,3Y(V)
ERR4282178,4M(V)
ERR4282179,5Y(V)
ERR4282180,12M(V)
ERR4282181,12M(V)
ERR4282182,3Y(V)
ERR4282183,4M(V)
ERR4282184,M(V)
ERR4282185,12M(V)
ERR4282186,5Y(V)
ERR4282187,12M(V)
ERR4282188,3Y(V)
ERR4282189,4M(V)
ERR4282190,5Y(V)
ERR4282191,3Y(V)
ERR4282192,4M(V)
ERR4282193,12M(V)
ERR4282194,3Y(V)
ERR4282195,4M(V)
ERR4282196,5Y(V)
ERR4282197,B(V)
ERR4282198,M(V)
ERR4282199,5Y(V)
ERR4282200,12M(V)
ERR4282201,3Y(V)
ERR4282202,4M(V)
ERR4282203,5Y(V)
ERR4282204,M(V)
ERR4282205,4M(V)
ERR4282206,M(V)
ERR4282207,3Y(V)
ERR4282208,M(V)
ERR4282209,12M(V)
ERR4282210,12M(V)
ERR4282211,3Y(V)
ERR4282212,4M(V)
ERR4282213,5Y(V)
ERR4282214,M(V)
ERR4282215,12M(V)
ERR4282216,3Y(V)
ERR4282217,4M(V)
ERR4282218,12M(V)
ERR4282219,3Y(V)
ERR4282220,4M(V)
ERR4282221,12M(V)
ERR4282222,3Y(V)
ERR4282223,4M(V)
ERR4282224,5Y(V)
ERR4282225,M(V)
ERR4282226,5Y(V)
ERR4282227,12M(V)
ERR4282228,3Y(V)
ERR4282229,4M(V)
ERR4282230,5Y(V)
ERR4282231,B(V)
ERR4282232,M(V)
ERR4282233,12M(V)
ERR4282234,3Y(V)
ERR4282235,4M(V)
ERR4282236,5Y(V)
ERR4282237,M(V)
ERR4282238,12M(V)
ERR4282239,3Y(V)
ERR4282240,4M(V)
ERR4282241,5Y(V)
ERR4282242,B(V)
ERR4282243,M(V)
ERR4282244,4M(V)
ERR4282245,B(V)
ERR4282246,M(V)
ERR4282247,12M(V)
ERR4282248,12M(V)
ERR4282249,4M(V)
ERR4282250,3Y(V)
ERR4282251,12M(V)
ERR4282252,3Y(V)
ERR4282253,4M(V)
ERR4282254,5Y(V)
ERR4282255,4M(V)
ERR4282256,5Y(V)
ERR4282257,12M(V)
ERR4282258,3Y(V)
ERR4282259,4M(V)
ERR4282260,5Y(V)
ERR4282261,M(V)
ERR4282262,12M(V)
ERR4282263,3Y(V)
ERR4282264,4M(V)
ERR4282265,5Y(V)
ERR4282266,B(V)
ERR4282267,M(V)
ERR4282268,12M(V)
ERR4282269,4M(V)
ERR4282270,M(V)
ERR4282271,12M(V)
ERR4282272,3Y(V)
ERR4282273,4M(V)
ERR4282274,5Y(V)
ERR4282275,B(V)
ERR4282276,M(V)
ERR4282277,12M(V)
ERR4282278,12M(V)
ERR4282279,3Y(V)
ERR4282280,4M(V)
ERR4282281,5Y(V)
ERR4282282,B(V)
ERR4282283,M(V)
ERR4282284,12M(V)
ERR4282285,3Y(V)
ERR4282286,4M(V)
ERR4282287,5Y(V)
ERR4282288,B(V)
ERR4282289,M(V)
ERR4282290,3Y(V)
ERR4282291,12M(V)
ERR4282292,4M(V)
ERR4282293,B(V)
ERR4282294,4M(V)
ERR4282295,12M(V)
ERR4282296,3Y(V)
ERR4282297,4M(V)
ERR4282298,5Y(V)
ERR4282299,B(V)
ERR4282300,M(V)
ERR4282301,5Y(V)
ERR4282302,12M(V)
ERR4282303,3Y(V)
ERR4282304,4M(V)
ERR4282305,B(V)
ERR4282306,M(V)
ERR4282307,12M(V)
ERR4282308,3Y(V)
ERR4282309,4M(V)
ERR4282310,5Y(V)
ERR4282311,B(V)
ERR4282312,M(V)
ERR4282313,3Y(V)
ERR4282314,4M(V)
ERR4282315,5Y(V)
ERR4282316,M(V)
ERR4282317,3Y(V)
ERR4282318,12M(V)
ERR4282319,3Y(V)
ERR4282320,4M(V)
ERR4282321,5Y(V)
ERR4282322,B(V)
ERR4282323,M(V)
ERR4282324,12M(V)
ERR4282325,4M(V)
ERR4282326,5Y(V)
ERR4282327,12M(V)
ERR4282328,3Y(V)
ERR4282329,4M(V)
ERR4282330,5Y(V)
ERR4282331,B(V)
ERR4282332,M(V)
ERR4282333,12M(V)
ERR4282334,3Y(V)
ERR4282335,4M(V)
ERR4282336,5Y(V)
ERR4282337,B(V)
ERR4282338,M(V)
ERR4282339,12M(V)
ERR4282340,3Y(V)
ERR4282341,4M(V)
ERR4282342,5Y(V)
ERR4282343,B(V)
ERR4282344,M(V)
ERR4282345,12M(V)
ERR4282346,3Y(V)
ERR4282347,4M(V)
ERR4282348,5Y(V)
ERR4282349,B(V)
ERR4282350,M(V)
ERR4282351,12M(V)
ERR4282352,3Y(V)
ERR4282353,4M(V)
ERR4282354,4M(V)
ERR4282355,12M(V)
ERR4282356,4M(V)
ERR4282357,B(V)
ERR4282358,M(V)
ERR4282359,3Y(V)
ERR4282360,4M(V)
ERR4282361,5Y(V)
ERR4282362,M(V)
ERR4282363,12M(V)
ERR4282364,4M(V)
ERR4282365,12M(V)
ERR4282366,3Y(V)
ERR4282367,4M(V)
ERR4282368,12M(V)
ERR4282369,3Y(V)
ERR4282370,4M(V)
ERR4282371,5Y(V)
ERR4282372,12M(V)
ERR4282373,3Y(V)
ERR4282374,4M(V)
ERR4282375,5Y(V)
ERR4282376,12M(V)
ERR4282377,4M(V)
ERR4282378,M(V)
ERR4282379,12M(V)
ERR4282380,3Y(V)
ERR4282381,4M(V)
ERR4282382,M(V)
ERR4282383,12M(V)
ERR4282384,3Y(V)
ERR4282385,4M(V)
ERR4282386,5Y(V)
ERR4282387,12M(V)
ERR4282388,3Y(V)
ERR4282389,4M(V)
ERR4282390,5Y(V)
ERR4282391,B(V)
ERR4282392,12M(V)
ERR4282393,4M(V)
ERR4282394,B(V)
ERR4282395,M(V)
ERR4282396,12M(V)
ERR4282397,4M(V)
ERR4282398,M(V)
ERR4282399,3Y(V)
ERR4282400,4M(V)
ERR4282401,5Y(V)
ERR4282402,M(V)
ERR4282403,12M(V)
ERR4282404,12M(V)
ERR4282405,3Y(V)
ERR4282406,4M(V)
ERR4282407,B(V)
ERR4282408,M(V)
ERR4282409,4M(V)
ERR4282410,5Y(V)
ERR4282411,12M(V)
ERR4282412,3Y(V)
ERR4282413,4M(V)
ERR4282414,5Y(V)
ERR4282415,4M(V)
ERR4282416,M(V)
ERR4282417,12M(V)
ERR4282418,3Y(V)
ERR4282419,4M(V)
ERR4282420,5Y(V)
ERR4282421,B(V)
ERR4282422,M(V)
ERR4282423,4M(V)
ERR4282424,B(V)
ERR4282425,M(V)
ERR4282426,B(V)
ERR4282427,12M(V)
ERR4282428,3Y(V)
ERR4282429,4M(V)
ERR4282430,5Y(V)
ERR4282431,12M(V)
ERR4282432,3Y(V)
ERR4282433,4M(V)
ERR4282434,5Y(V)
ERR4282435,3Y(V)
ERR4282436,4M(V)
ERR4282437,3Y(V)
ERR4282438,4M(V)
ERR4282439,5Y(V)
ERR4282440,B(V)
ERR4282441,5Y(V)
ERR4282442,12M(V)
ERR4282443,3Y(V)
ERR4282444,4M(V)
ERR4282445,5Y(V)
ERR4282446,12M(V)
ERR4282447,3Y(V)
ERR4282448,4M(V)
ERR4282449,5Y(V)
ERR4282450,B(V)
ERR4282451,M(V)
ERR4282452,12M(V)
ERR4282453,3Y(V)
ERR4282454,4M(V)
ERR4282455,5Y(V)
ERR4282456,B(V)
ERR4282457,M(V)
ERR4282458,B(V)
ERR4282459,M(V)
ERR4282460,12M(V)
ERR4282461,12M(V)
ERR4282462,3Y(V)
ERR4282463,M(V)
ERR4282464,3Y(V)
ERR4282465,12M(V)
ERR4282466,3Y(V)
ERR4282467,4M(V)
ERR4282468,3Y(V)
ERR4282469,4M(V)
ERR4282470,5Y(V)
ERR4282471,M(V)
ERR4282472,5Y(V)
ERR4282473,12M(V)
ERR4282474,3Y(V)
ERR4282475,4M(V)
ERR4282476,5Y(V)
ERR4282477,12M(V)
ERR4282478,4M(V)
ERR4282479,B(V)
ERR4282480,M(V)
ERR4282481,12M(V)
ERR4282482,M(V)
ERR4282483,B(V)
ERR4282484,M(V)
ERR4282485,M(V)
ERR4282486,12M(V)
ERR4282487,3Y(V)
ERR4282488,4M(V)
ERR4282489,5Y(V)
ERR4282490,M(V)
ERR4282491,12M(V)
ERR4282492,3Y(V)
ERR4282493,4M(V)
ERR4282494,5Y(V)
ERR4282495,M(V)
ERR4282496,12M(V)
ERR4282497,3Y(V)
ERR4282498,4M(V)
ERR4282499,5Y(V)
ERR4282500,B(V)
ERR4282501,M(V)
ERR4282502,4M(V)
ERR4282503,12M(V)
ERR4282504,4M(V)
ERR4282505,B(V)
ERR4282506,M(V)
ERR4282507,12M(V)
ERR4282508,4M(V)
ERR4282509,5Y(V)
ERR4282510,B(V)
ERR4282511,M(V)
ERR4282512,B(V)
ERR4282513,M(V)
ERR4282514,12M(V)
ERR4282515,4M(V)
ERR4282516,M(V)
ERR4282517,12M(V)
ERR4282518,3Y(V)
ERR4282519,4M(V)
ERR4282520,5Y(V)
ERR4282521,B(V)
ERR4282522,M(V)
ERR4282523,12M(C)
ERR4282524,3Y(C)
ERR4282525,4M(C)
ERR4282526,B(C)
ERR4282527,M(C)
ERR4282528,12M(C)
ERR4282529,3Y(C)
ERR4282530,4M(C)
ERR4282531,5Y(C)
ERR4282532,B(C)
ERR4282533,M(C)
ERR4282534,12M(C)
ERR4282535,4M(C)
ERR4282536,12M(V)
ERR4282537,3Y(V)
ERR4282538,4M(V)
ERR4282539,5Y(V)
ERR4282540,M(V)
ERR4282541,12M(C)
ERR4282542,4M(C)
ERR4282543,B(C)
ERR4282544,M(C)
ERR4282545,12M(V)
ERR4282546,12M(V)
ERR4282547,3Y(V)
ERR4282548,5Y(V)
ERR4282549,M(V)
ERR4282550,12M(C)
ERR4282551,3Y(C)
ERR4282552,5Y(C)
ERR4282553,B(C)
ERR4282554,M(C)
ERR4282555,12M(C)
ERR4282556,3Y(C)
ERR4282557,4M(C)
ERR4282558,5Y(C)
ERR4282559,M(C)
ERR4282560,3Y(V)
ERR4282561,4M(V)
ERR4282562,12M(C)
ERR4282563,4M(C)
ERR4282564,M(C)
ERR4282565,12M(V)
ERR4282566,4M(V)
ERR4282567,12M(V)
ERR4282568,3Y(V)
ERR4282569,12M(V)
ERR4282570,4M(V)
ERR4282571,B(V)
ERR4282572,B(V)
ERR4282573,M(V)
ERR4282574,12M(V)
ERR4282575,3Y(V)
ERR4282576,5Y(V)
ERR4282577,12M(V)
ERR4282578,3Y(V)
ERR4282579,M(V)
ERR4282580,12M(V)
ERR4282581,3Y(V)
ERR4282582,4M(V)
ERR4282583,5Y(V)
ERR4282584,B(V)
ERR4282585,M(V)
ERR4282586,12M(V)
ERR4282587,3Y(V)
ERR4282588,4M(V)
ERR4282589,B(V)
ERR4282590,M(V)
ERR4282591,12M(V)
ERR4282592,4M(V)
ERR4282593,4M(C)
ERR4282594,M(C)
ERR4282595,12M(V)
ERR4282596,M(V)
ERR4282597,12M(V)
ERR4282598,3Y(V)
ERR4282599,4M(V)
ERR4282600,M(V)
ERR4282601,12M(V)
ERR4282602,4M(V)
ERR4282603,5Y(V)
ERR4282604,12M(V)
ERR4282605,3Y(V)
ERR4282606,4M(V)
ERR4282607,5Y(V)
ERR4282608,M(V)
ERR4282609,4M(C)
ERR4282610,5Y(C)
ERR4282611,12M(C)
ERR4282612,3Y(C)
ERR4282613,4M(C)
ERR4282614,5Y(C)
ERR4282615,3Y(V)
ERR4282616,4M(V)
ERR4282617,12M(V)
ERR4282618,3Y(V)
ERR4282619,4M(V)
ERR4282620,5Y(V)
ERR4282621,12M(V)
ERR4282622,3Y(V)
ERR4282623,M(V)
ERR4282624,12M(V)
ERR4282625,3Y(V)
ERR4282626,4M(V)
ERR4282627,B(V)
ERR4282628,M(V)
ERR4282629,12M(C)
ERR4282630,B(C)
ERR4282631,12M(V)
ERR4282632,3Y(V)
ERR4282633,4M(V)
ERR4282634,M(V)
ERR4282635,B(V)
ERR4282636,M(V)
ERR4282637,12M(C)
ERR4282638,3Y(C)
ERR4282639,4M(C)
ERR4282640,5Y(C)
ERR4282641,B(C)
ERR4282642,M(C)
ERR4282643,12M(V)
ERR4282644,12M(V)
ERR4282645,4M(V)
ERR4282646,12M(V)
ERR4282647,4M(V)
ERR4282648,M(V)
ERR4282649,12M(V)
ERR4282650,3Y(V)
ERR4282651,4M(V)
ERR4282652,5Y(V)
ERR4282653,B(V)
ERR4282654,M(V)
ERR4282655,3Y(V)
ERR4282656,12M(C)
ERR4282657,3Y(C)
ERR4282658,5Y(C)
ERR4282659,4M(V)
ERR4282660,M(C)
ERR4282661,5Y(V)
ERR4282662,3Y(C)
ERR4282663,M(C)
ERR4282664,12M(V)
ERR4282665,3Y(V)
ERR4282666,4M(V)
ERR4282667,5Y(V)
ERR4282668,M(V)
ERR4282669,12M(V)
ERR4282670,4M(V)
ERR4282671,B(V)
ERR4282672,M(V)
ERR4282673,B(V)
ERR4282674,M(V)
ERR4282675,12M(V)
ERR4282676,12M(V)
ERR4282677,3Y(V)
ERR4282678,4M(V)
ERR4282679,5Y(V)
ERR4282680,M(V)
ERR4282681,12M(C)
ERR4282682,3Y(C)
ERR4282683,4M(C)
ERR4282684,5Y(C)
ERR4282685,12M(V)
ERR4282686,4M(V)
ERR4282687,B(V)
ERR4282688,4M(V)
ERR4282689,M(V)
ERR4282690,12M(V)
ERR4282691,4M(V)
ERR4282692,M(V)
ERR4282693,3Y(V)
ERR4282694,5Y(V)
ERR4282695,3Y(V)
ERR4282696,4M(V)
ERR4282697,12M(C)
ERR4282698,3Y(C)
ERR4282699,5Y(C)
ERR4282700,B(V)
ERR4282701,M(V)
ERR4282702,12M(C)
ERR4282703,3Y(C)
ERR4282704,4M(C)
ERR4282705,5Y(C)
ERR4282706,12M(V)
ERR4282707,4M(V)
ERR4282708,12M(V)
ERR4282709,4M(V)
ERR4282710,M(V)
ERR4282711,12M(V)
ERR4282712,3Y(V)
ERR4282713,12M(V)
ERR4282714,3Y(V)
ERR4282715,5Y(V)
ERR4282716,12M(V)
ERR4282717,3Y(V)
ERR4282718,5Y(V)
ERR4282719,3Y(C)
ERR4282720,4M(C)
ERR4282721,5Y(C)
ERR4282722,B(C)
ERR4282723,3Y(V)
ERR4282724,12M(V)
ERR4282725,4M(C)
ERR4282726,B(C)
ERR4282727,12M(V)
ERR4282728,3Y(V)
ERR4282729,4M(V)
ERR4282730,5Y(V)
ERR4282731,M(V)
ERR4282732,12M(V)
ERR4282733,3Y(V)
ERR4282734,4M(V)
ERR4282735,5Y(V)
ERR4282736,B(V)
ERR4282737,M(V)
ERR4282738,4M(V)
ERR4282739,M(V)
ERR4282740,12M(C)
ERR4282741,3Y(C)
ERR4282742,4M(C)
ERR4282743,5Y(C)
ERR4282744,B(C)
ERR4282745,12M(C)
ERR4282746,3Y(C)
ERR4282747,5Y(C)
ERR4282748,M(C)
ERR4282749,4M(V)
ERR4282750,B(V)
ERR4282751,M(V)
ERR4282752,3Y(V)
ERR4282753,4M(V)
ERR4282754,12M(V)
ERR4282755,3Y(V)
ERR4282756,4M(V)
ERR4282757,5Y(V)
ERR4282758,B(V)
ERR4282759,M(V)
ERR4282760,12M(V)
ERR4282761,4M(V)
ERR4282762,B(V)
ERR4282763,M(V)
ERR4282764,12M(C)
ERR4282765,4M(C)
ERR4282766,B(C)
ERR4282767,M(C)
ERR4282768,12M(C)
ERR4282769,3Y(C)
ERR4282770,4M(C)
ERR4282771,5Y(C)
ERR4282772,B(C)
ERR4282773,M(C)
ERR4282774,12M(V)
ERR4282775,3Y(V)
ERR4282776,4M(V)
ERR4282777,5Y(V)
ERR4282778,M(V)
ERR4282779,12M(V)
ERR4282780,3Y(V)
ERR4282781,4M(V)
ERR4282782,5Y(V)
ERR4282783,B(V)
ERR4282784,12M(V)
ERR4282785,3Y(V)
ERR4282786,5Y(V)
ERR4282787,M(V)
ERR4282788,12M(V)
ERR4282789,4M(V)
ERR4282790,M(V)
ERR4282791,12M(V)
ERR4282792,3Y(V)
ERR4282793,4M(V)
ERR4282794,5Y(V)
ERR4282795,M(V)
ERR4282796,12M(C)
ERR4282797,3Y(C)
ERR4282798,4M(C)
ERR4282799,5Y(C)
ERR4282800,B(C)
ERR4282801,M(C)
ERR4282802,3Y(V)
ERR4282803,4M(V)
ERR4282804,3Y(V)
ERR4282805,4M(V)
ERR4282806,M(V)
ERR4282807,5Y(V)
ERR4282808,12M(V)
ERR4282809,4M(V)
ERR4282810,M(V)
ERR4282811,12M(V)
ERR4282812,3Y(V)
ERR4282813,4M(V)
ERR4282814,M(V)
ERR4282815,12M(C)
ERR4282816,3Y(C)
ERR4282817,5Y(C)
ERR4282818,M(C)
ERR4282819,12M(V)
ERR4282820,3Y(V)
ERR4282821,4M(V)
ERR4282822,5Y(V)
ERR4282823,M(V)
ERR4282824,M(V)
ERR4282825,12M(V)
ERR4282826,3Y(V)
ERR4282827,4M(V)
ERR4282828,5Y(V)
ERR4282829,M(V)
ERR4282830,12M(V)
ERR4282831,3Y(V)
ERR4282832,4M(V)
ERR4282833,5Y(V)
ERR4282834,12M(V)
ERR4282835,3Y(V)
ERR4282836,4M(V)
ERR4282837,5Y(V)
ERR4282838,M(V)
ERR4282839,12M(V)
ERR4282840,4M(V)
ERR4282841,B(V)
ERR4282842,M(V)
ERR4282843,4M(V)
ERR4282844,5Y(V)
ERR4282845,12M(C)
ERR4282846,3Y(C)
ERR4282847,4M(C)
ERR4282848,5Y(C)
ERR4282849,M(C)
ERR4282850,12M(C)
ERR4282851,3Y(C)
ERR4282852,4M(C)
ERR4282853,5Y(C)
ERR4282854,B(C)
ERR4282855,M(C)
ERR4282856,M(V)
ERR4282857,12M(V)
ERR4282858,4M(V)
ERR4282859,B(V)
ERR4282860,12M(V)
ERR4282861,3Y(V)
ERR4282862,4M(V)
ERR4282863,5Y(V)
ERR4282864,B(V)
ERR4282865,M(V)
ERR4282866,12M(C)
ERR4282867,4M(C)
ERR4282868,5Y(C)
ERR4282869,B(C)
ERR4282870,12M(V)
ERR4282871,3Y(V)
ERR4282872,4M(V)
ERR4282873,5Y(V)
ERR4282874,M(V)
ERR4282875,3Y(V)
ERR4282876,12M(V)
ERR4282877,3Y(V)
ERR4282878,4M(V)
ERR4282879,5Y(V)
ERR4282880,4M(V)
ERR4282881,M(V)
ERR4282882,12M(C)
ERR4282883,4M(C)
ERR4282884,5Y(V)
ERR4282885,12M(V)
ERR4282886,3Y(V)
ERR4282887,4M(V)
ERR4282888,5Y(V)
ERR4282889,12M(V)
ERR4282890,3Y(V)
ERR4282891,5Y(V)
ERR4282892,M(V)
ERR4282893,12M(V)
ERR4282894,3Y(V)
ERR4282895,4M(V)
ERR4282896,B(V)
ERR4282897,M(V)
ERR4282898,M(V)
ERR4282899,12M(V)
ERR4282900,3Y(V)
ERR4282901,4M(V)
ERR4282902,5Y(V)
ERR4282903,12M(V)
ERR4282904,3Y(V)
ERR4282905,5Y(V)
ERR4282906,4M(V)
ERR4282907,B(V)
ERR4282908,M(V)
ERR4282909,12M(V)
ERR4282910,M(V)
ERR4282911,3Y(V)
ERR4282912,4M(V)
ERR4282913,5Y(V)
ERR4282914,M(V)
ERR4282915,12M(V)
ERR4282916,3Y(V)
ERR4282917,4M(V)
ERR4282918,3Y(V)
ERR4282919,4M(V)
ERR4282920,5Y(V)
ERR4282921,M(V)
ERR4282922,12M(V)
ERR4282923,4M(V)
ERR4282924,B(V)
ERR4282925,M(V)
ERR4282926,12M(V)
ERR4282927,3Y(V)
ERR4282928,4M(V)
ERR4282929,5Y(V)
ERR4282930,4M(V)
ERR4282931,5Y(V)
ERR4282932,B(V)
ERR4282933,M(V)
ERR4282934,3Y(V)
ERR4282935,M(V)
ERR4282936,3Y(V)
ERR4282937,4M(V)
ERR4282938,M(V)
ERR4282939,12M(V)
ERR4282940,12M(V)
ERR4282941,3Y(V)
ERR4282942,4M(V)
ERR4282943,5Y(V)
ERR4282944,M(V)
ERR4282945,12M(V)
ERR4282946,3Y(V)
ERR4282947,5Y(V)
ERR4282948,12M(V)
ERR4282949,4M(V)
ERR4282950,12M(V)
ERR4282951,3Y(V)
ERR4282952,4M(V)
ERR4282953,5Y(V)
ERR4282954,M(V)
ERR4282955,12M(C)
ERR4282956,3Y(C)
ERR4282957,5Y(C)
ERR4282958,12M(V)
ERR4282959,3Y(V)
ERR4282960,4M(V)
ERR4282961,5Y(V)
ERR4282962,M(V)
ERR4282963,12M(V)
ERR4282964,3Y(V)
ERR4282965,4M(V)
ERR4282966,5Y(V)
ERR4282967,M(V)
ERR4282968,12M(V)
ERR4282969,4M(V)
ERR4282970,5Y(V)
ERR4282971,B(V)
ERR4282972,M(V)
ERR4282973,12M(V)
ERR4282974,12M(V)
ERR4282975,3Y(V)
ERR4282976,4M(V)
ERR4282977,5Y(V)
ERR4282978,M(V)
ERR4282979,12M(V)
ERR4282980,4M(V)
ERR4282981,3Y(V)
ERR4282982,5Y(V)
ERR4282983,12M(V)
ERR4282984,3Y(V)
ERR4282985,4M(V)
ERR4282986,5Y(V)
ERR4282987,B(V)
ERR4282988,M(V)
ERR4282989,12M(V)
ERR4282990,4M(V)
ERR4282991,B(V)
ERR4282992,M(V)
ERR4282993,B(V)
ERR4282994,M(V)
ERR4282995,12M(V)
ERR4282996,3Y(V)
ERR4282997,5Y(V)
ERR4282998,M(V)
ERR4282999,12M(V)
ERR4283000,3Y(V)
ERR4283001,5Y(V)
ERR4283002,B(V)
ERR4283003,M(V)
ERR4283004,12M(V)
ERR4283005,3Y(V)
ERR4283006,4M(V)
ERR4283007,5Y(V)
ERR4283008,B(V)
ERR4283009,M(V)
ERR4283010,4M(V)
ERR4283011,12M(V)
ERR4283012,4M(V)
ERR4283013,B(V)
ERR4283014,M(V)
ERR4283015,M(V)
ERR4283016,12M(V)
ERR4283017,3Y(V)
ERR4283018,4M(V)
ERR4283019,5Y(V)
ERR4283020,B(V)
ERR4283021,M(V)
ERR4283022,12M(V)
ERR4283023,3Y(V)
ERR4283024,4M(V)
ERR4283025,5Y(V)
ERR4283026,B(V)
ERR4283027,M(V)
ERR4283028,12M(V)
ERR4283029,12M(V)
ERR4283030,3Y(V)
ERR4283031,4M(V)
ERR4283032,5Y(V)
ERR4283033,M(V)
ERR4283034,12M(V)
ERR4283035,3Y(V)
ERR4283036,5Y(V)
ERR4283037,B(V)
ERR4283038,M(V)
ERR4283039,3Y(V)
ERR4283040,12M(V)
ERR4283041,3Y(V)
ERR4283042,4M(V)
ERR4283043,5Y(V)
ERR4283044,B(V)
ERR4283045,M(V)
ERR4283046,12M(V)
ERR4283047,3Y(V)
ERR4283048,5Y(V)
ERR4283049,M(V)
ERR4283050,B(V)
ERR4283051,M(V)
